Observations,Predictions,Station_Co,Station_Name
123.41326,126.8975,3011630,청주시(여암교)
122.91292,126.8975,3011630,청주시(여암교)
122.99297,126.8975,3011630,청주시(여암교)
122.99297,126.8975,3011630,청주시(여암교)
122.99297,126.8975,3011630,청주시(여암교)
123.99366,126.8975,3011630,청주시(여암교)
122.99297,126.8975,3011630,청주시(여암교)
123.37323,126.8975,3011630,청주시(여암교)
122.78283,126.8975,3011630,청주시(여암교)
122.99297,126.8975,3011630,청주시(여암교)
110.98474,126.8975,3011630,청주시(여암교)
122.99297,126.8975,3011630,청주시(여암교)
122.99297,126.8975,3011630,청주시(여암교)
123.99366,126.8975,3011630,청주시(여암교)
122.91292,126.8975,3011630,청주시(여암교)
121.99229,126.8975,3011630,청주시(여암교)
121.66206,126.8975,3011630,청주시(여암교)
121.87221,126.8975,3011630,청주시(여암교)
121.99229,126.8975,3011630,청주시(여암교)
121.87221,126.8975,3011630,청주시(여암교)
120.9916,126.8975,3011630,청주시(여암교)
121.45192,126.8975,3011630,청주시(여암교)
120.9916,126.8975,3011630,청주시(여암교)
119.99091,126.8975,3011630,청주시(여암교)
120.53129,126.8975,3011630,청주시(여암교)
120.911545,126.8975,3011630,청주시(여암교)
119.99091,126.8975,3011630,청주시(여암교)
120.57131,126.8975,3011630,청주시(여암교)
120.9916,126.8975,3011630,청주시(여암교)
119.280426,126.8975,3011630,청주시(여암교)
119.45055,126.8975,3011630,청주시(여암교)
119.37049,126.8975,3011630,청주시(여암교)
120.911545,126.8975,3011630,청주시(여암교)
120.621346,126.8975,3011630,청주시(여암교)
120.321144,126.8975,3011630,청주시(여암교)
120.49126,126.8975,3011630,청주시(여암교)
119.8208,126.8975,3011630,청주시(여암교)
119.700714,126.8975,3011630,청주시(여암교)
120.74143,126.8975,3011630,청주시(여암교)
120.95158,126.8975,3011630,청주시(여암교)
119.32046,126.8975,3011630,청주시(여암교)
120.37118,126.8975,3011630,청주시(여암교)
120.57131,126.8975,3011630,청주시(여암교)
119.700714,126.8975,3011630,청주시(여암교)
119.66069,126.8975,3011630,청주시(여암교)
119.66069,126.8975,3011630,청주시(여암교)
119.870834,126.8975,3011630,청주시(여암교)
119.62066,126.8975,3011630,청주시(여암교)
119.91086,126.8975,3011630,청주시(여암교)
119.95089,126.8975,3011630,청주시(여암교)
121.49194,126.8975,3011630,청주시(여암교)
120.37118,126.8975,3011630,청주시(여암교)
119.740746,126.8975,3011630,청주시(여암교)
120.66138,126.8975,3011630,청주시(여암교)
120.321144,126.8975,3011630,청주시(여암교)
119.740746,126.8975,3011630,청주시(여암교)
119.570625,126.8975,3011630,청주시(여암교)
119.49057,126.8975,3011630,청주시(여암교)
119.20037,126.8975,3011630,청주시(여암교)
118.91017,126.8975,3011630,청주시(여암교)
118.70003,126.8975,3011630,청주시(여암교)
118.27974,126.8975,3011630,청주시(여암교)
118.409836,126.8975,3011630,청주시(여암교)
117.98955,126.8975,3011630,청주시(여암교)
133.33005,126.8975,3011630,청주시(여암교)
140.75514,126.8975,3011630,청주시(여암교)
137.50291,126.8975,3011630,청주시(여암교)
129.49744,126.8975,3011630,청주시(여암교)
126.455345,126.8975,3011630,청주시(여암교)
126.575424,126.8975,3011630,청주시(여암교)
134.21066,126.8975,3011630,청주시(여암교)
140.13472,126.8975,3011630,청주시(여암교)
130.6282,126.8975,3011630,청주시(여암교)
128.16652,126.8975,3011630,청주시(여암교)
126.2452,126.8975,3011630,청주시(여암교)
125.244514,126.8975,3011630,청주시(여암교)
124.41395,126.8975,3011630,청주시(여암교)
150.68195,126.8975,3011630,청주시(여암교)
153.3938,126.8975,3011630,청주시(여암교)
136.96254,126.8975,3011630,청주시(여암교)
131.62889,126.8975,3011630,청주시(여암교)
128.91704,126.8975,3011630,청주시(여암교)
127.57611,126.8975,3011630,청주시(여암교)
126.07508,126.8975,3011630,청주시(여암교)
124.91429,126.8975,3011630,청주시(여암교)
123.82354,126.8975,3011630,청주시(여암교)
122.62272,126.8975,3011630,청주시(여암교)
122.412575,126.8975,3011630,청주시(여암교)
122.242455,126.8975,3011630,청주시(여암교)
118.239716,126.8975,3011630,청주시(여암교)
112.94609,126.8975,3011630,청주시(여암교)
105.02066,126.8975,3011630,청주시(여암교)
123.82354,126.8975,3011630,청주시(여암교)
119.740746,126.8975,3011630,청주시(여암교)
116.65863,126.8975,3011630,청주시(여암교)
126.285225,126.8975,3011630,청주시(여암교)
175.44891,126.8975,3011630,청주시(여암교)
151.24232,126.8975,3011630,청주시(여암교)
137.25275,126.8975,3011630,청주시(여암교)
131.2086,126.8975,3011630,청주시(여암교)
129.12718,126.8975,3011630,청주시(여암교)
121.32182,126.8975,3011630,청주시(여암교)
118.11963,126.8975,3011630,청주시(여암교)
110.73457,126.8975,3011630,청주시(여암교)
114.54719,126.8975,3011630,청주시(여암교)
111.98543,126.8975,3011630,청주시(여암교)
110.024086,126.8975,3011630,청주시(여암교)
108.40298,126.8975,3011630,청주시(여암교)
123.37323,126.8975,3011630,청주시(여암교)
116.65863,126.8975,3011630,청주시(여암교)
109.94403,126.8975,3011630,청주시(여암교)
122.66275,126.8975,3011630,청주시(여암교)
120.28111,126.8975,3011630,청주시(여암교)
112.986115,126.8975,3011630,청주시(여암교)
108.90332,126.8975,3011630,청주시(여암교)
104.27014,126.8975,3011630,청주시(여암교)
101.14801,126.8975,3011630,청주시(여암교)
100.89783,126.8975,3011630,청주시(여암교)
100.437515,126.8975,3011630,청주시(여암교)
100.18735,126.8975,3011630,청주시(여암교)
99.9772,126.8975,3011630,청주시(여암교)
100.437515,126.8975,3011630,청주시(여암교)
100.39749,126.8975,3011630,청주시(여암교)
-1.092041,126.8975,3011630,청주시(여암교)
-1.092041,126.8975,3011630,청주시(여암교)
115.94814,126.8975,3011630,청주시(여암교)
121.371864,126.8975,3011630,청주시(여암교)
118.409836,126.8975,3011630,청주시(여암교)
111.61517,126.8975,3011630,청주시(여암교)
103.80983,126.8975,3011630,청주시(여암교)
108.813255,126.8975,3011630,청주시(여암교)
111.365005,126.8975,3011630,청주시(여암교)
113.9868,126.8975,3011630,청주시(여암교)
116.908806,126.8975,3011630,청주시(여암교)
115.4478,126.8975,3011630,청주시(여암교)
111.69524,126.8975,3011630,청주시(여암교)
108.653145,126.8975,3011630,청주시(여암교)
105.27083,126.8975,3011630,청주시(여암교)
116.98886,126.8975,3011630,청주시(여암교)
112.695915,126.8975,3011630,청주시(여암교)
103.439575,126.8975,3011630,청주시(여암교)
101.60832,126.8975,3011630,청주시(여암교)
101.10798,126.8975,3011630,청주시(여암교)
101.017914,126.8975,3011630,청주시(여암교)
100.97789,126.8975,3011630,청주시(여암교)
100.47755,126.8975,3011630,청주시(여암교)
99.9772,126.8975,3011630,청주시(여암교)
102.058624,126.8975,3011630,청주시(여암교)
103.55966,126.8975,3011630,청주시(여암교)
114.69729,126.8975,3011630,청주시(여암교)
112.31566,126.8975,3011630,청주시(여암교)
101.55829,126.8975,3011630,청주시(여암교)
100.47755,126.8975,3011630,청주시(여암교)
99.76706,126.8975,3011630,청주시(여암교)
108.90332,126.8975,3011630,청주시(여암교)
115.48783,126.8975,3011630,청주시(여암교)
109.3136,126.8975,3011630,청주시(여암교)
100.39749,126.8975,3011630,청주시(여암교)
102.14869,126.8975,3011630,청주시(여암교)
108.48303,126.8975,3011630,청주시(여암교)
102.18872,126.8975,3011630,청주시(여암교)
118.239716,126.8975,3011630,청주시(여암교)
121.99229,126.8975,3011630,청주시(여암교)
108.31291,126.8975,3011630,청주시(여암교)
101.10798,126.8975,3011630,청주시(여암교)
-1.092041,126.8975,3011630,청주시(여암교)
114.367065,126.8975,3011630,청주시(여암교)
224.52254,126.8975,3011630,청주시(여암교)
155.68536,126.8975,3011630,청주시(여암교)
135.63164,126.8975,3011630,청주시(여암교)
131.53883,126.8975,3011630,청주시(여암교)
129.91771,126.8975,3011630,청주시(여암교)
163.6008,126.8975,3011630,청주시(여암교)
341.27252,160.60272,3011630,청주시(여암교)
221.56052,149.58066,3011630,청주시(여암교)
183.78462,143.07034,3011630,청주시(여암교)
151.47249,138.07652,3011630,청주시(여암교)
151.14226,143.05981,3011630,청주시(여암교)
-1.092041,22.606117,3011630,청주시(여암교)
139.00394,138.83897,3011630,청주시(여암교)
126.8256,134.66809,3011630,청주시(여암교)
132.70963,136.2955,3011630,청주시(여암교)
129.07715,149.02695,3011630,청주시(여암교)
127.32594,129.04674,3011630,청주시(여암교)
135.25137,126.8975,3011630,청주시(여암교)
129.49744,126.8975,3011630,청주시(여암교)
143.96735,126.8975,3011630,청주시(여암교)
222.271,126.8975,3011630,청주시(여암교)
142.2962,126.8975,3011630,청주시(여암교)
127.37598,126.8975,3011630,청주시(여암교)
136.67235,126.8975,3011630,청주시(여암교)
129.49744,126.8975,3011630,청주시(여암교)
133.3801,160.95018,3011630,청주시(여암교)
126.91566,138.36447,3011630,청주시(여암교)
-1.092041,32.408356,3011630,청주시(여암교)
160.14844,149.7645,3011630,청주시(여암교)
140.17474,143.06488,3011630,청주시(여암교)
175.44891,149.41742,3011630,청주시(여암교)
139.3842,153.4283,3011630,청주시(여암교)
123.53334,126.8975,3011630,청주시(여암교)
119.03026,126.8975,3011630,청주시(여암교)
115.06754,126.8975,3011630,청주시(여암교)
113.446434,126.8975,3011630,청주시(여암교)
108.27289,126.8975,3011630,청주시(여암교)
113.6966,126.8975,3011630,청주시(여암교)
154.43451,126.8975,3011630,청주시(여암교)
126.285225,126.8975,3011630,청주시(여암교)
115.237656,126.8975,3011630,청주시(여암교)
107.65246,126.8975,3011630,청주시(여암교)
96.684944,126.8975,3011630,청주시(여암교)
94.55348,126.8975,3011630,청주시(여암교)
95.0138,126.8975,3011630,청주시(여암교)
136.13197,126.8975,3011630,청주시(여암교)
189.36844,126.8975,3011630,청주시(여암교)
301.24512,126.8975,3011630,청주시(여암교)
384.88242,302.7351,3011630,청주시(여암교)
302.536,241.26126,3011630,청주시(여암교)
262.21838,191.62479,3011630,청주시(여암교)
247.61836,206.05276,3011630,청주시(여암교)
234.48936,187.69342,3011630,청주시(여암교)
198.42465,209.49237,3011630,청주시(여암교)
185.99614,188.81755,3011630,청주시(여암교)
179.57175,174.55457,3011630,청주시(여암교)
162.1498,126.8975,3011630,청주시(여암교)
170.77571,126.8975,3011630,청주시(여암교)
153.684,137.69614,3011630,청주시(여암교)
136.79242,142.38777,3011630,청주시(여암교)
-1.092041,38.467163,3011630,청주시(여암교)
120.95158,160.08719,3011630,청주시(여암교)
122.99297,164.39996,3011630,청주시(여암교)
-1.092041,33.858345,3011630,청주시(여암교)
-1.092041,45.857056,3011630,청주시(여암교)
-1.092041,126.8975,3011630,청주시(여암교)
121.78214,126.8975,3011630,청주시(여암교)
215.59642,126.8975,3011630,청주시(여암교)
-1.092041,115.232925,3011630,청주시(여암교)
200.71622,159.93939,3011630,청주시(여암교)
199.46536,150.33966,3011630,청주시(여암교)
210.05261,155.6226,3011630,청주시(여암교)
198.96503,154.11003,3011630,청주시(여암교)
229.1457,169.23143,3011630,청주시(여암교)
418.8657,314.0681,3011630,청주시(여암교)
249.61974,210.77502,3011630,청주시(여암교)
211.09332,179.13123,3011630,청주시(여암교)
203.67825,168.5531,3011630,청주시(여암교)
183.9147,160.42155,3011630,청주시(여암교)
169.56488,157.1231,3011630,청주시(여암교)
166.56282,153.94508,3011630,청주시(여암교)
158.26714,154.46486,3011630,청주시(여암교)
152.59326,126.8975,3011630,청주시(여암교)
-1.092041,126.8975,3011630,청주시(여암교)
154.47455,126.8975,3011630,청주시(여암교)
154.09428,126.8975,3011630,청주시(여암교)
151.09222,126.8975,3011630,청주시(여암교)
155.05493,126.8975,3011630,청주시(여암교)
144.58777,126.8975,3011630,청주시(여암교)
137.25275,126.8975,3011630,청주시(여암교)
139.50429,126.8975,3011630,청주시(여암교)
143.33691,126.8975,3011630,청주시(여암교)
139.83452,126.8975,3011630,청주시(여암교)
137.633,126.8975,3011630,청주시(여암교)
137.00256,126.8975,3011630,청주시(여암교)
137.00256,126.8975,3011630,청주시(여암교)
136.00189,126.8975,3011630,청주시(여암교)
140.00462,126.8975,3011630,청주시(여암교)
136.00189,126.8975,3011630,청주시(여암교)
133.88043,126.8975,3011630,청주시(여암교)
132.95981,126.8975,3011630,청주시(여암교)
135.54156,126.8975,3011630,청주시(여암교)
140.00462,126.8975,3011630,청주시(여암교)
162.77023,116.05937,3011630,청주시(여암교)
142.04602,159.82043,3011630,청주시(여암교)
138.00325,150.65894,3011630,청주시(여암교)
144.928,155.61151,3011630,청주시(여암교)
145.13814,154.35281,3011630,청주시(여암교)
163.48071,169.10945,3011630,청주시(여암교)
162.01971,160.22656,3011630,청주시(여암교)
149.0108,126.8975,3011630,청주시(여암교)
141.00531,126.8975,3011630,청주시(여암교)
139.00394,126.8975,3011630,청주시(여암교)
135.21135,126.8975,3011630,청주시(여암교)
132.70963,126.8975,3011630,청주시(여암교)
131.99915,126.8975,3011630,청주시(여암교)
130.99846,126.8975,3011630,청주시(여암교)
132.32938,126.8975,3011630,청주시(여암교)
131.99915,126.8975,3011630,청주시(여암교)
131.99915,126.8975,3011630,청주시(여암교)
129.99777,126.8975,3011630,청주시(여암교)
125.704834,126.8975,3011630,청주시(여암교)
124.99435,126.8975,3011630,청주시(여암교)
127.9964,126.8975,3011630,청주시(여암교)
125.704834,126.8975,3011630,청주시(여암교)
125.284546,126.8975,3011630,청주시(여암교)
122.82285,126.8975,3011630,청주시(여암교)
122.1624,126.8975,3011630,청주시(여암교)
121.371864,126.8975,3011630,청주시(여암교)
120.9916,126.8975,3011630,청주시(여암교)
120.9916,126.8975,3011630,청주시(여암교)
120.9916,126.8975,3011630,청주시(여암교)
120.9916,126.8975,3011630,청주시(여암교)
120.9916,126.8975,3011630,청주시(여암교)
121.99229,126.8975,3011630,청주시(여암교)
121.241776,126.8975,3011630,청주시(여암교)
120.66138,126.8975,3011630,청주시(여암교)
120.57131,126.8975,3011630,청주시(여암교)
120.9916,126.8975,3011630,청주시(여암교)
120.9916,126.8975,3011630,청주시(여암교)
102.8992,126.8975,3011630,청주시(여암교)
120.121,126.8975,3011630,청주시(여암교)
180.45233,126.8975,3011630,청주시(여암교)
157.01628,126.8975,3011630,청주시(여암교)
131.99915,126.8975,3011630,청주시(여암교)
126.99571,126.8975,3011630,청주시(여암교)
124.87426,126.8975,3011630,청주시(여암교)
123.99366,126.8975,3011630,청주시(여암교)
124.203804,126.8975,3011630,청주시(여암교)
123.783516,126.8975,3011630,청주시(여암교)
122.99297,126.8975,3011630,청주시(여암교)
122.99297,126.8975,3011630,청주시(여암교)
122.99297,126.8975,3011630,청주시(여암교)
121.99229,126.8975,3011630,청주시(여암교)
122.99297,126.8975,3011630,청주시(여암교)
122.7428,126.8975,3011630,청주시(여암교)
122.53265,126.8975,3011630,청주시(여암교)
121.99229,126.8975,3011630,청주시(여암교)
129.99777,126.8975,3011630,청주시(여암교)
154.01422,126.8975,3011630,청주시(여암교)
135.0012,126.8975,3011630,청주시(여암교)
130.99846,126.8975,3011630,청주시(여암교)
129.66754,126.8975,3011630,청주시(여암교)
128.41669,126.8975,3011630,청주시(여암교)
126.99571,126.8975,3011630,청주시(여암교)
125.995026,126.8975,3011630,청주시(여암교)
126.99571,126.8975,3011630,청주시(여암교)
125.995026,126.8975,3011630,청주시(여암교)
125.995026,126.8975,3011630,청주시(여암교)
125.3746,126.8975,3011630,청주시(여암교)
124.62409,126.8975,3011630,청주시(여암교)
123.99366,126.8975,3011630,청주시(여암교)
123.99366,126.8975,3011630,청주시(여암교)
131.99915,126.8975,3011630,청주시(여암교)
127.9964,126.8975,3011630,청주시(여암교)
126.99571,126.8975,3011630,청주시(여암교)
125.20449,126.8975,3011630,청주시(여암교)
123.743484,126.8975,3011630,청주시(여암교)
123.99366,126.8975,3011630,청주시(여암교)
123.99366,126.8975,3011630,청주시(여암교)
122.99297,126.8975,3011630,청주시(여암교)
124.99435,126.8975,3011630,청주시(여암교)
123.99366,126.8975,3011630,청주시(여암교)
124.62409,126.8975,3011630,청주시(여암교)
121.70209,126.8975,3011630,청주시(여암교)
121.99229,126.8975,3011630,청주시(여암교)
121.99229,126.8975,3011630,청주시(여암교)
121.99229,126.8975,3011630,청주시(여암교)
121.45192,126.8975,3011630,청주시(여암교)
121.572,126.8975,3011630,청주시(여암교)
121.071655,126.8975,3011630,청주시(여암교)
120.95158,126.8975,3011630,청주시(여암교)
120.37118,126.8975,3011630,청주시(여암교)
120.57131,126.8975,3011630,청주시(여암교)
125.124435,126.8975,3011630,청주시(여암교)
127.9964,126.8975,3011630,청주시(여암교)
127.9964,126.8975,3011630,청주시(여암교)
130.328,126.8975,3011630,청주시(여암교)
130.82834,126.8975,3011630,청주시(여암교)
128.99709,126.8975,3011630,청주시(여암교)
128.99709,126.8975,3011630,청주시(여암교)
128.99709,126.8975,3011630,청주시(여암교)
125.995026,126.8975,3011630,청주시(여암교)
127.9964,126.8975,3011630,청주시(여암교)
164.44138,126.8975,3011630,청주시(여암교)
163.901,126.8975,3011630,청주시(여암교)
166.02246,126.8975,3011630,청주시(여암교)
146.00874,126.8975,3011630,청주시(여암교)
140.00462,126.8975,3011630,청주시(여암교)
137.00256,126.8975,3011630,청주시(여암교)
135.0012,126.8975,3011630,청주시(여암교)
132.87975,126.8975,3011630,청주시(여암교)
131.74898,126.8975,3011630,청주시(여암교)
130.74829,126.8975,3011630,청주시(여암교)
129.24725,126.8975,3011630,청주시(여암교)
128.99709,126.8975,3011630,청주시(여암교)
132.99983,129.11972,3011630,청주시(여암교)
124.99435,130.81027,3011630,청주시(여암교)
123.783516,124.2536,3011630,청주시(여암교)
122.91292,121.87982,3011630,청주시(여암교)
122.45261,124.93937,3011630,청주시(여암교)
122.412575,128.28117,3011630,청주시(여암교)
121.99229,125.7701,3011630,청주시(여암교)
121.99229,126.8975,3011630,청주시(여암교)
121.99229,126.8975,3011630,청주시(여암교)
121.66206,126.8975,3011630,청주시(여암교)
120.95158,126.8975,3011630,청주시(여암교)
119.99091,126.8975,3011630,청주시(여암교)
120.9916,126.8975,3011630,청주시(여암교)
120.9916,126.8975,3011630,청주시(여암교)
120.9916,126.8975,3011630,청주시(여암교)
120.9916,126.8975,3011630,청주시(여암교)
121.822174,126.8975,3011630,청주시(여암교)
120.57131,126.8975,3011630,청주시(여암교)
119.99091,126.8975,3011630,청주시(여암교)
119.99091,126.8975,3011630,청주시(여암교)
119.99091,126.8975,3011630,청주시(여암교)
120.9916,126.8975,3011630,청주시(여암교)
119.99091,126.8975,3011630,청주시(여암교)
120.95158,126.8975,3011630,청주시(여암교)
120.82149,126.8975,3011630,청주시(여암교)
121.99229,126.8975,3011630,청주시(여암교)
120.9916,126.8975,3011630,청주시(여암교)
120.9916,126.8975,3011630,청주시(여암교)
119.99091,126.8975,3011630,청주시(여암교)
119.99091,126.8975,3011630,청주시(여암교)
119.95089,126.8975,3011630,청주시(여암교)
119.410515,126.8975,3011630,청주시(여암교)
118.99023,126.8975,3011630,청주시(여암교)
118.9502,126.8975,3011630,청주시(여암교)
119.280426,126.8975,3011630,청주시(여암교)
118.99023,126.8975,3011630,청주시(여암교)
118.99023,126.8975,3011630,청주시(여암교)
118.820114,126.8975,3011630,청주시(여암교)
118.02957,126.8975,3011630,청주시(여암교)
116.98886,126.8975,3011630,청주시(여암교)
116.98886,126.8975,3011630,청주시(여암교)
116.98886,126.8975,3011630,청주시(여암교)
113.9868,126.8975,3011630,청주시(여암교)
116.98886,126.8975,3011630,청주시(여암교)
116.44849,126.8975,3011630,청주시(여암교)
118.11963,126.8975,3011630,청주시(여암교)
130.99846,126.8975,3011630,청주시(여암교)
120.9916,126.8975,3011630,청주시(여암교)
118.99023,126.8975,3011630,청주시(여암교)
116.98886,126.8975,3011630,청주시(여암교)
116.98886,126.8975,3011630,청주시(여암교)
116.868774,126.8975,3011630,청주시(여암교)
116.11826,126.8975,3011630,청주시(여암교)
115.988174,126.8975,3011630,청주시(여암교)
115.527855,126.8975,3011630,청주시(여암교)
114.98749,126.8975,3011630,청주시(여암교)
116.98886,126.8975,3011630,청주시(여암교)
117.98955,126.8975,3011630,청주시(여암교)
114.98749,126.8975,3011630,청주시(여암교)
114.026825,126.8975,3011630,청주시(여암교)
113.9868,126.8975,3011630,청주시(여암교)
114.44711,126.8975,3011630,청주시(여암교)
115.86809,126.8975,3011630,청주시(여암교)
118.99023,126.8975,3011630,청주시(여암교)
119.99091,126.8975,3011630,청주시(여암교)
114.026825,126.8975,3011630,청주시(여암교)
112.44575,126.8975,3011630,청주시(여암교)
111.98543,126.8975,3011630,청주시(여암교)
111.98543,126.8975,3011630,청주시(여암교)
118.70003,126.8975,3011630,청주시(여암교)
128.99709,126.8975,3011630,청주시(여암교)
119.99091,126.8975,3011630,청주시(여암교)
118.44986,126.8975,3011630,청주시(여암교)
116.15829,126.8975,3011630,청주시(여암교)
115.988174,126.8975,3011630,청주시(여암교)
105.981316,126.8975,3011630,청주시(여암교)
98.97652,126.8975,3011630,청주시(여암교)
114.487144,126.8975,3011630,청주시(여암교)
115.4478,126.8975,3011630,청주시(여암교)
110.36432,126.8975,3011630,청주시(여암교)
112.405716,126.8975,3011630,청주시(여암교)
111.98543,126.8975,3011630,청주시(여암교)
105.981316,126.8975,3011630,청주시(여암교)
109.113464,126.8975,3011630,청주시(여암교)
106.982,126.8975,3011630,청주시(여암교)
106.982,126.8975,3011630,청주시(여암교)
103.35952,126.8975,3011630,청주시(여암교)
100.2674,126.8975,3011630,청주시(여암교)
101.97858,126.8975,3011630,청주시(여암교)
97.97583,126.8975,3011630,청주시(여암교)
97.97583,126.8975,3011630,청주시(여암교)
96.97514,126.8975,3011630,청주시(여암교)
96.97514,126.8975,3011630,청주시(여암교)
97.015175,126.8975,3011630,청주시(여암교)
96.97514,126.8975,3011630,청주시(여암교)
96.97514,126.8975,3011630,청주시(여암교)
96.51483,126.8975,3011630,청주시(여암교)
95.97446,126.8975,3011630,청주시(여암교)
95.97446,126.8975,3011630,청주시(여암교)
100.05726,126.8975,3011630,청주시(여암교)
205.29936,158.459,3011630,청주시(여암교)
150.05151,161.15956,3011630,청주시(여암교)
131.99915,177.11723,3011630,청주시(여암교)
113.27631,162.24911,3011630,청주시(여암교)
108.983376,147.93834,3011630,청주시(여암교)
108.983376,143.78148,3011630,청주시(여암교)
112.61586,160.73848,3011630,청주시(여암교)
111.945404,159.7669,3011630,청주시(여암교)
112.19557,126.8975,3011630,청주시(여암교)
110.98474,126.8975,3011630,청주시(여암교)
113.36638,126.8975,3011630,청주시(여암교)
112.405716,126.8975,3011630,청주시(여암교)
113.36638,126.8975,3011630,청주시(여암교)
117.81943,126.8975,3011630,청주시(여암교)
120.781456,126.8975,3011630,청주시(여암교)
118.87015,126.8975,3011630,청주시(여암교)
117.98955,126.8975,3011630,청주시(여암교)
120.9916,126.8975,3011630,청주시(여암교)
126.575424,126.8975,3011630,청주시(여암교)
124.24383,126.8975,3011630,청주시(여암교)
121.99229,126.8975,3011630,청주시(여암교)
126.70551,126.8975,3011630,청주시(여암교)
146.75926,126.8975,3011630,청주시(여암교)
186.49649,124.84771,3011630,청주시(여암교)
131.57886,154.74847,3011630,청주시(여암교)
121.99229,145.12088,3011630,청주시(여암교)
118.91017,143.83243,3011630,청주시(여암교)
118.15966,147.95847,3011630,청주시(여암교)
115.988174,166.33876,3011630,청주시(여암교)
113.56651,153.61493,3011630,청주시(여암교)
110.98474,126.8975,3011630,청주시(여암교)
107.152115,126.8975,3011630,청주시(여암교)
107.98269,126.8975,3011630,청주시(여암교)
109.40366,126.8975,3011630,청주시(여암교)
115.90812,126.8975,3011630,청주시(여암교)
107.19215,126.8975,3011630,청주시(여암교)
103.85986,126.8975,3011630,청주시(여암교)
110.444374,126.8975,3011630,청주시(여암교)
98.356094,126.8975,3011630,청주시(여암교)
96.93512,126.8975,3011630,청주시(여암교)
96.97514,126.8975,3011630,청주시(여암교)
94.97377,126.8975,3011630,청주시(여암교)
94.93375,126.8975,3011630,청주시(여암교)
95.47412,126.8975,3011630,청주시(여암교)
94.97377,126.8975,3011630,청주시(여암교)
95.97446,126.8975,3011630,청주시(여암교)
94.97377,126.8975,3011630,청주시(여암교)
138.00325,126.8975,3011630,청주시(여암교)
113.73663,126.8975,3011630,청주시(여암교)
115.94814,126.8975,3011630,청주시(여암교)
123.20312,126.8975,3011630,청주시(여암교)
146.00874,126.8975,3011630,청주시(여암교)
261.0876,121.77822,3011630,청주시(여암교)
150.01149,158.3699,3011630,청주시(여암교)
156.0156,151.9544,3011630,청주시(여암교)
308.1198,152.25842,3011630,청주시(여암교)
166.81299,155.13239,3011630,청주시(여암교)
153.51389,168.49976,3011630,청주시(여암교)
149.0108,158.96616,3011630,청주시(여암교)
141.00531,126.8975,3011630,청주시(여암교)
175.02863,172.38423,3011630,청주시(여암교)
175.02863,164.40268,3011630,청주시(여암교)
138.88387,167.27211,3011630,청주시(여암교)
145.75858,183.0773,3011630,청주시(여암교)
140.38489,170.19055,3011630,청주시(여암교)
222.06085,165.40373,3011630,청주시(여암교)
159.01765,194.00449,3011630,청주시(여암교)
193.04097,179.27057,3011630,청주시(여암교)
163.0204,168.19702,3011630,청주시(여암교)
265.09033,183.64836,3011630,청주시(여암교)
568.25806,433.85785,3011630,청주시(여암교)
320.6284,390.71286,3011630,청주시(여암교)
275.09717,255.17685,3011630,청주시(여암교)
255.87402,225.94904,3011630,청주시(여암교)
264.08966,272.82394,3011630,청주시(여암교)
202.04713,182.57454,3011630,청주시(여암교)
171.9065,119.03339,3011630,청주시(여암교)
162.85028,166.85355,3011630,청주시(여암교)
178.82123,147.4466,3011630,청주시(여암교)
218.0581,150.67653,3011630,청주시(여암교)
168.23398,157.88028,3011630,청주시(여암교)
172.44685,126.8975,3011630,청주시(여암교)
208.05124,126.8975,3011630,청주시(여암교)
171.02588,126.8975,3011630,청주시(여암교)
155.51526,126.8975,3011630,청주시(여암교)
151.59256,126.8975,3011630,청주시(여암교)
155.01491,126.8975,3011630,청주시(여암교)
143.00668,126.8975,3011630,청주시(여암교)
144.00737,126.8975,3011630,청주시(여암교)
139.00394,126.8975,3011630,청주시(여암교)
124.784195,126.8975,3011630,청주시(여암교)
128.16652,126.8975,3011630,청주시(여암교)
125.45466,126.8975,3011630,청주시(여암교)
123.99366,126.8975,3011630,청주시(여암교)
175.02863,126.8975,3011630,청주시(여암교)
147.46974,126.8975,3011630,청주시(여암교)
176.02931,126.8975,3011630,청주시(여암교)
341.14246,302.80408,3011630,청주시(여암교)
204.6289,167.68253,3011630,청주시(여암교)
177.70045,145.22244,3011630,청주시(여암교)
171.02588,160.5076,3011630,청주시(여암교)
129.24725,171.61917,3011630,청주시(여암교)
125.62478,177.28436,3011630,청주시(여암교)
119.99091,177.44482,3011630,청주시(여암교)
127.9964,126.8975,3011630,청주시(여암교)
132.28934,126.8975,3011630,청주시(여암교)
127.786255,126.8975,3011630,청주시(여암교)
126.99571,126.8975,3011630,청주시(여암교)
126.99571,126.8975,3011630,청주시(여암교)
157.01628,155.30673,3011630,청주시(여암교)
399.18222,162.6596,3011630,청주시(여암교)
304.11707,85.36786,3011630,청주시(여암교)
194.46194,157.32011,3011630,청주시(여암교)
183.7446,166.99814,3011630,청주시(여암교)
171.196,78.12465,3011630,청주시(여암교)
153.01355,118.47113,3011630,청주시(여암교)
156.0156,126.8975,3011630,청주시(여암교)
173.02725,126.8975,3011630,청주시(여암교)
155.01491,126.8975,3011630,청주시(여암교)
142.46631,126.8975,3011630,청주시(여암교)
138.08331,126.8975,3011630,청주시(여암교)
111.98543,126.8975,3011630,청주시(여암교)
119.95089,126.8975,3011630,청주시(여암교)
121.952255,126.8975,3011630,청주시(여암교)
119.99091,126.8975,3011630,청주시(여암교)
114.98749,126.8975,3011630,청주시(여암교)
120.781456,126.8975,3011630,청주시(여암교)
121.071655,126.8975,3011630,청주시(여암교)
120.9916,126.8975,3011630,청주시(여암교)
121.99229,126.8975,3011630,청주시(여암교)
121.99229,126.8975,3011630,청주시(여암교)
228.06497,126.8975,3011630,청주시(여암교)
155.01491,126.8975,3011630,청주시(여암교)
193.00095,126.8975,3011630,청주시(여암교)
188.61794,167.56937,3011630,청주시(여암교)
162.01971,130.52449,3011630,청주시(여암교)
151.51251,72.264824,3011630,청주시(여암교)
192.29045,153.83228,3011630,청주시(여암교)
292.56915,330.78717,3011630,청주시(여암교)
228.06497,195.65895,3011630,청주시(여암교)
188.91814,113.579346,3011630,청주시(여암교)
173.02725,160.93251,3011630,청주시(여암교)
148.01012,172.10693,3011630,청주시(여암교)
137.00256,177.78253,3011630,청주시(여암교)
191.0396,141.81592,3011630,청주시(여암교)
159.64809,160.03474,3011630,청주시(여암교)
153.43382,148.8062,3011630,청주시(여암교)
150.80203,152.49092,3011630,청주시(여암교)
147.50977,151.82259,3011630,청주시(여암교)
143.63712,169.88385,3011630,청주시(여암교)
134.04054,157.59744,3011630,청주시(여암교)
132.95981,126.8975,3011630,청주시(여암교)
132.99983,126.8975,3011630,청주시(여암교)
131.70894,126.8975,3011630,청주시(여암교)
130.70825,126.8975,3011630,청주시(여암교)
129.7476,126.8975,3011630,청주시(여암교)
128.99709,126.8975,3011630,청주시(여암교)
130.41806,126.8975,3011630,청주시(여암교)
128.877,126.8975,3011630,청주시(여암교)
127.9964,126.8975,3011630,청주시(여암교)
124.70415,126.8975,3011630,청주시(여암교)
125.49469,126.8975,3011630,청주시(여암교)
131.99915,126.8975,3011630,청주시(여암교)
127.7062,126.8975,3011630,청주시(여암교)
126.62546,126.8975,3011630,청주시(여암교)
125.49469,126.8975,3011630,청주시(여암교)
124.87426,126.8975,3011630,청주시(여암교)
129.24725,126.8975,3011630,청주시(여암교)
124.62409,126.8975,3011630,청주시(여암교)
123.70346,126.8975,3011630,청주시(여암교)
122.20243,126.8975,3011630,청주시(여암교)
121.99229,126.8975,3011630,청주시(여암교)
124.494,126.8975,3011630,청주시(여암교)
127.07577,126.8975,3011630,청주시(여암교)
125.91498,126.8975,3011630,청주시(여암교)
122.702774,126.8975,3011630,청주시(여암교)
123.163086,126.8975,3011630,청주시(여암교)
122.99297,126.8975,3011630,청주시(여암교)
121.78214,126.8975,3011630,청주시(여암교)
119.99091,126.8975,3011630,청주시(여암교)
119.99091,126.8975,3011630,청주시(여암교)
122.99297,126.8975,3011630,청주시(여암교)
119.45055,126.8975,3011630,청주시(여암교)
123.12306,126.8975,3011630,청주시(여암교)
130.99846,126.8975,3011630,청주시(여암교)
148.59052,126.8975,3011630,청주시(여암교)
140.00462,126.8975,3011630,청주시(여암교)
128.99709,126.8975,3011630,청주시(여암교)
128.99709,126.8975,3011630,청주시(여암교)
126.2452,126.8975,3011630,청주시(여암교)
122.32251,126.8975,3011630,청주시(여암교)
121.572,126.8975,3011630,청주시(여암교)
121.45192,126.8975,3011630,청주시(여암교)
120.9916,126.8975,3011630,청주시(여암교)
121.62203,126.8975,3011630,청주시(여암교)
128.91704,126.8975,3011630,청주시(여암교)
123.53334,126.8975,3011630,청주시(여암교)
121.16172,126.8975,3011630,청주시(여암교)
119.99091,126.8975,3011630,청주시(여암교)
118.99023,126.8975,3011630,청주시(여암교)
121.952255,126.8975,3011630,청주시(여암교)
123.87357,126.8975,3011630,청주시(여암교)
124.37392,126.8975,3011630,청주시(여암교)
122.95294,126.8975,3011630,청주시(여암교)
123.49332,126.8975,3011630,청주시(여암교)
121.99229,126.8975,3011630,청주시(여암교)
128.2866,126.8975,3011630,청주시(여암교)
125.3746,126.8975,3011630,청주시(여암교)
125.0744,126.8975,3011630,청주시(여암교)
124.41395,126.8975,3011630,청주시(여암교)
123.99366,126.8975,3011630,청주시(여암교)
123.53334,126.8975,3011630,청주시(여암교)
122.99297,126.8975,3011630,청주시(여암교)
123.57337,126.8975,3011630,청주시(여암교)
123.623405,126.8975,3011630,청주시(여암교)
125.45466,126.8975,3011630,청주시(여암교)
123.99366,126.8975,3011630,청주시(여암교)
122.242455,126.8975,3011630,청주시(여암교)
121.74211,126.8975,3011630,청주시(여암교)
124.41395,126.8975,3011630,청주시(여암교)
146.79929,126.761604,3011630,청주시(여암교)
127.87632,144.3691,3011630,청주시(여암교)
125.57474,118.22937,3011630,청주시(여암교)
246.70773,147.44069,3011630,청주시(여암교)
254.0828,186.791,3011630,청주시(여암교)
173.98792,165.89821,3011630,청주시(여암교)
152.01285,164.6679,3011630,청주시(여암교)
143.83725,148.18945,3011630,청주시(여암교)
139.88455,147.30585,3011630,청주시(여암교)
135.79175,179.8212,3011630,청주시(여암교)
132.82971,150.3346,3011630,청주시(여암교)
131.16858,126.8975,3011630,청주시(여암교)
130.49811,126.8975,3011630,청주시(여암교)
129.24725,126.8975,3011630,청주시(여암교)
129.32732,126.8975,3011630,청주시(여암교)
129.32732,126.8975,3011630,청주시(여암교)
128.5768,126.8975,3011630,청주시(여암교)
128.24657,126.8975,3011630,청주시(여암교)
127.53609,126.8975,3011630,청주시(여암교)
132.95981,126.8975,3011630,청주시(여암교)
